<?xml version="1.0" encoding="UTF-8"?>
<jcr:root xmlns:sling="http://sling.apache.org/jcr/sling/1.0" xmlns:cq="http://www.day.com/jcr/cq/1.0" xmlns:jcr="http://www.jcp.org/jcr/1.0" xmlns:nt="http://www.jcp.org/jcr/nt/1.0" xmlns:rep="internal"
    jcr:mixinTypes="[rep:AccessControllable]"
    jcr:primaryType="cq:Page">
    <wcm jcr:primaryType="nt:unstructured">
        <foundation jcr:primaryType="nt:unstructured">
            <components jcr:primaryType="nt:unstructured">
                <responsivegrid jcr:primaryType="nt:unstructured">
                    <jcr:content
                        jcr:primaryType="nt:unstructured"
                        mergeList="{Boolean}true"/>
                    <default
                        jcr:description="Policy of the default root parsys"
                        jcr:primaryType="nt:unstructured"
                        jcr:title="Default Layout Container"
                        sling:resourceType="wcm/core/components/policy/policy"
                        components="[/libs/dam/cfm/components/contentfragment,/libs/foundation/components/download,/libs/wcm/foundation/components/image,/libs/wcm/foundation/components/responsivegrid,/libs/wcm/foundation/components/list,/libs/foundation/components/reference,/libs/foundation/components/table,/libs/wcm/foundation/components/text,/libs/wcm/foundation/components/textimage,/libs/wcm/foundation/components/title,/libs/foundation/components/video,/libs/cq/experience-fragments/editor/components/experiencefragment]">
                        <cq:authoring jcr:primaryType="nt:unstructured">
                            <assetToComponentMapping jcr:primaryType="nt:unstructured">
                                <image
                                    jcr:primaryType="nt:unstructured"
                                    assetGroup="media"
                                    assetMimetype="image/*"
                                    droptarget="image"
                                    resourceType="wcm/foundation/components/image"
                                    type="Images"/>
                                <product
                                    jcr:primaryType="nt:unstructured"
                                    assetGroup="product"
                                    droptarget="product-data-reference"
                                    resourceType="commerce/components/product"
                                    type="Products"/>
                                <flash
                                    jcr:primaryType="nt:unstructured"
                                    assetGroup="media"
                                    assetMimetype="application/x-shockwave-flash"
                                    droptarget="flash"
                                    resourceType="foundation/components/flash"
                                    type="Images"/>
                                <document
                                    jcr:primaryType="nt:unstructured"
                                    assetGroup="media"
                                    assetMimetype="[application/vnd.openxmlformats,application/msword,application/vnd.ms-powerpoint,application/mspowerpoint,application/powerpoint,application/x-mspowerpoint,application/x-msexcel,application/x-excel,application/excel,application/vnd.ms-excel,application/pdf,application/vnd.openxmlformats-officedocument.wordprocessingml.document]"
                                    droptarget="file"
                                    resourceType="foundation/components/download"
                                    type="Images"/>
                                <video
                                    jcr:primaryType="nt:unstructured"
                                    assetGroup="media"
                                    assetMimetype="video/*"
                                    droptarget="video"
                                    resourceType="foundation/components/video"
                                    type="Images"/>
                                <fragment
                                    jcr:primaryType="nt:unstructured"
                                    assetGroup="media"
                                    assetMimetype="text/html"
                                    droptarget="fragment"
                                    resourceType="dam/cfm/components/contentfragment"
                                    type="Content Fragment"/>
                                <experiencefragment
                                    jcr:primaryType="nt:unstructured"
                                    assetGroup="content"
                                    assetMimetype="text/html"
                                    droptarget="experiencefragment"
                                    resourceType="cq/experience-fragments/editor/components/experiencefragment"
                                    type="experiencefragment"/>
                            </assetToComponentMapping>
                        </cq:authoring>
                        <jcr:content
                            jcr:primaryType="nt:unstructured"
                            mergeList="{Boolean}true"/>
                    </default>
                    <policy_1516031233284
                        jcr:lastModified="{Date}2018-01-19T12:24:57.520-05:00"
                        jcr:lastModifiedBy="admin"
                        jcr:primaryType="nt:unstructured"
                        jcr:title="Getaways Components"
                        sling:resourceType="wcm/core/components/policy/policy"
                        components="[group:General,group:Summit Getaways Content,group:Summit Getaways Structure]">
                        <jcr:content jcr:primaryType="nt:unstructured"/>
                    </policy_1516031233284>
                    <policy_404299059955015
                        jcr:lastModified="{Date}2018-01-19T12:26:49.420-05:00"
                        jcr:lastModifiedBy="admin"
                        jcr:primaryType="nt:unstructured"
                        jcr:title="Getaways Content"
                        sling:resourceType="wcm/core/components/policy/policy"
                        components="[/libs/foundation/components/adaptiveimage,/libs/dam/cfm/components/contentfragment,/libs/foundation/components/textimage,group:Summit Getaways Content,/apps/getaways/components/structure/homecarousel]">
                        <jcr:content jcr:primaryType="nt:unstructured"/>
                    </policy_404299059955015>
                </responsivegrid>
            </components>
        </foundation>
    </wcm>
    <getaways jcr:primaryType="nt:unstructured">
        <components jcr:primaryType="nt:unstructured">
            <structure jcr:primaryType="nt:unstructured">
                <page jcr:primaryType="nt:unstructured"/>
                <loggedinheader jcr:primaryType="nt:unstructured">
                    <policy_1516238947193
                        jcr:lastModified="{Date}2018-01-18T07:21:48.946-05:00"
                        jcr:lastModifiedBy="admin"
                        jcr:primaryType="nt:unstructured"
                        jcr:title="Renter Header"
                        sling:resourceType="wcm/core/components/policy/policy"
                        headline="Logged in Owner">
                        <jcr:content jcr:primaryType="nt:unstructured"/>
                    </policy_1516238947193>
                    <policy_1516278078133
                        jcr:lastModified="{Date}2018-01-18T07:21:30.897-05:00"
                        jcr:lastModifiedBy="admin"
                        jcr:primaryType="nt:unstructured"
                        jcr:title="Owner Header"
                        sling:resourceType="wcm/core/components/policy/policy">
                        <jcr:content jcr:primaryType="nt:unstructured"/>
                    </policy_1516278078133>
                    <policy_12671529349776
                        jcr:lastModified="{Date}2018-01-19T12:30:33.372-05:00"
                        jcr:lastModifiedBy="admin"
                        jcr:primaryType="nt:unstructured"
                        jcr:title="Common Logged In Header"
                        sling:resourceType="wcm/core/components/policy/policy"
                        headline="Common Information">
                        <jcr:content jcr:primaryType="nt:unstructured"/>
                    </policy_12671529349776>
                </loggedinheader>
                <loggedinfooter jcr:primaryType="nt:unstructured">
                    <policy_1516274552870
                        jcr:lastModified="{Date}2018-01-19T12:31:09.618-05:00"
                        jcr:lastModifiedBy="admin"
                        jcr:primaryType="nt:unstructured"
                        jcr:title="Renter Footer"
                        sling:resourceType="wcm/core/components/policy/policy"
                        footerblock="&lt;p>Renter Bullets&lt;/p>&#xa;&lt;ul style=&quot;list-style-position: inside;&quot;>&#xa;&lt;li>First Bullet&lt;/li>&#xa;&lt;li>Second Bullet&lt;/li>&#xa;&lt;li>Third Bullet&lt;/li>&#xa;&lt;/ul>&#xa;">
                        <jcr:content jcr:primaryType="nt:unstructured"/>
                    </policy_1516274552870>
                    <policy_12767320968827
                        jcr:lastModified="{Date}2018-01-19T12:29:43.957-05:00"
                        jcr:lastModifiedBy="admin"
                        jcr:primaryType="nt:unstructured"
                        jcr:title="Owner Footer"
                        sling:resourceType="wcm/core/components/policy/policy"
                        footerblock="&lt;p>Owner Footer Bullets&lt;/p>&#xa;&lt;ul style=&quot;list-style-position: inside;&quot;>&#xa;&lt;li>One&lt;/li>&#xa;&lt;li>Two&lt;/li>&#xa;&lt;li>Three&lt;/li>&#xa;&lt;li>Four&lt;/li>&#xa;&lt;/ul>&#xa;">
                        <jcr:content jcr:primaryType="nt:unstructured"/>
                    </policy_12767320968827>
                </loggedinfooter>
            </structure>
        </components>
    </getaways>
</jcr:root>
