<?xml version="1.0" encoding="UTF-8"?>
<jcr:root xmlns:sling="http://sling.apache.org/jcr/sling/1.0" xmlns:jcr="http://www.jcp.org/jcr/1.0" xmlns:nt="http://www.jcp.org/jcr/nt/1.0" xmlns:rep="internal"
    jcr:mixinTypes="[rep:AccessControllable]"
    jcr:primaryType="sling:Folder">
    <collections
        jcr:mixinTypes="[rep:AccessControllable]"
        jcr:primaryType="nt:unstructured"
        sling:resourceType="dam/collection">
        <public
            jcr:mixinTypes="[rep:AccessControllable]"
            jcr:primaryType="nt:unstructured">
            <rep:policy/>
            <_x0038_ jcr:primaryType="nt:unstructured">
                <_x0038_icg3ur0zfOfFwPiKyY5
                    jcr:mixinTypes="[rep:AccessControllable]"
                    jcr:primaryType="nt:unstructured">
                    <summit_lab_724
                        jcr:created="{Date}2018-02-02T15:49:55.148Z"
                        jcr:createdBy="admin"
                        jcr:description=""
                        jcr:lastModified="{Date}2018-02-02T16:12:25.536Z"
                        jcr:lastModifiedBy="admin"
                        jcr:primaryType="nt:unstructured"
                        jcr:title="Summit Lab 724"
                        sling:resourceSuperType="sling/collection"
                        sling:resourceType="dam/collection">
                        <sling:members
                            jcr:primaryType="nt:unstructured"
                            sling:resources="[/content/dam/we-retail/en/products/apparel/footwear/84391210.jpg,/content/dam/we-retail/en/activities/running/running_3.jpg,/content/dam/we-retail/en/activities/running/running_4.jpg,/content/dam/we-retail/en/activities/running/marathon-shoes.jpg,/content/dam/we-retail/en/products/apparel/footwear/source/Fleet Shoe Side.jpg,/content/dam/we-retail/en/products/apparel/footwear/source/Fleet Shoe Detail.jpg,/content/dam/we-retail/en/products/apparel/footwear/source/Fleet Shoe.jpg,/content/dam/we-retail/en/products/apparel/footwear/source/Fleet Shoe Bottom.jpg]">
                            <_x0038_4391210.jpg
                                jcr:primaryType="nt:unstructured"
                                sling:resource="/content/dam/we-retail/en/products/apparel/footwear/84391210.jpg"/>
                            <running_3.jpg
                                jcr:primaryType="nt:unstructured"
                                sling:resource="/content/dam/we-retail/en/activities/running/running_3.jpg"/>
                            <running_4.jpg
                                jcr:primaryType="nt:unstructured"
                                sling:resource="/content/dam/we-retail/en/activities/running/running_4.jpg"/>
                            <marathon-shoes.jpg
                                jcr:primaryType="nt:unstructured"
                                sling:resource="/content/dam/we-retail/en/activities/running/marathon-shoes.jpg"/>
                            <Fleet_x0020_Shoe_x0020_Side.jpg
                                jcr:primaryType="nt:unstructured"
                                sling:resource="/content/dam/we-retail/en/products/apparel/footwear/source/Fleet Shoe Side.jpg"/>
                            <Fleet_x0020_Shoe_x0020_Detail.jpg
                                jcr:primaryType="nt:unstructured"
                                sling:resource="/content/dam/we-retail/en/products/apparel/footwear/source/Fleet Shoe Detail.jpg"/>
                            <Fleet_x0020_Shoe.jpg
                                jcr:primaryType="nt:unstructured"
                                sling:resource="/content/dam/we-retail/en/products/apparel/footwear/source/Fleet Shoe.jpg"/>
                            <Fleet_x0020_Shoe_x0020_Bottom.jpg
                                jcr:primaryType="nt:unstructured"
                                sling:resource="/content/dam/we-retail/en/products/apparel/footwear/source/Fleet Shoe Bottom.jpg"/>
                        </sling:members>
                        <folderThumbnail/>
                    </summit_lab_724>
                </_x0038_icg3ur0zfOfFwPiKyY5>
            </_x0038_>
        </public>
        <rep:policy/>
        <T/>
    </collections>
</jcr:root>
