<?xml version="1.0" encoding="UTF-8"?>
<jcr:root xmlns:sling="http://sling.apache.org/jcr/sling/1.0" xmlns:cq="http://www.day.com/jcr/cq/1.0" xmlns:jcr="http://www.jcp.org/jcr/1.0" xmlns:nt="http://www.jcp.org/jcr/nt/1.0"
    jcr:primaryType="nt:unstructured"
    sling:resourceType="cq/gui/components/authoring/dialog">
    <content
        jcr:primaryType="nt:unstructured"
        sling:resourceType="granite/ui/components/foundation/container">
        <layout
            jcr:primaryType="nt:unstructured"
            sling:resourceType="granite/ui/components/foundation/layouts/tabs"
            type="nav"/>
        <items jcr:primaryType="nt:unstructured">
            <column1
                jcr:primaryType="nt:unstructured"
                jcr:title="Main"
                sling:resourceType="granite/ui/components/foundation/section">
                <items jcr:primaryType="nt:unstructured">
                    <text
                        jcr:primaryType="nt:unstructured"
                        sling:resourceType="granite/ui/components/foundation/form/textfield"
                        fieldLabel="Text Field"
                        name="./text"/>
                    <checkbox
                        jcr:primaryType="nt:unstructured"
                        sling:resourceType="/libs/granite/ui/components/foundation/form/checkbox"
                        name="./checkbox"
                        text="Checkbox"
                        value="{Boolean}true"/>
                </items>
            </column1>
            <column2
                jcr:primaryType="nt:unstructured"
                jcr:title="Other"
                sling:resourceType="granite/ui/components/foundation/section">
                <items jcr:primaryType="nt:unstructured">
                    <image
                        jcr:primaryType="nt:unstructured"
                        jcr:title="Image"
                        sling:resourceType="granite/ui/components/foundation/section">
                        <layout
                            jcr:primaryType="nt:unstructured"
                            sling:resourceType="granite/ui/components/foundation/layouts/fixedcolumns"
                            margin="{Boolean}false"/>
                        <items jcr:primaryType="nt:unstructured">
                            <column
                                jcr:primaryType="nt:unstructured"
                                sling:resourceType="granite/ui/components/foundation/container">
                                <items jcr:primaryType="nt:unstructured">
                                    <file
                                        jcr:primaryType="nt:unstructured"
                                        sling:resourceType="granite/ui/components/foundation/form/fileupload"
                                        autoStart="{Boolean}false"
                                        class="cq-droptarget"
                                        fieldLabel="Image asset"
                                        fileNameParameter="./fileName"
                                        fileReferenceParameter="./fileReference"
                                        mimeTypes="[image]"
                                        multiple="{Boolean}false"
                                        name="./file"
                                        title="Upload Image Asset"
                                        uploadUrl="${suffix.path}"
                                        useHTML5="{Boolean}true"/>
                                    <title
                                        jcr:primaryType="nt:unstructured"
                                        sling:resourceType="granite/ui/components/foundation/form/textfield"
                                        fieldLabel="Title"
                                        name="./jcr:title"/>
                                    <linkURL
                                        jcr:primaryType="nt:unstructured"
                                        sling:resourceType="granite/ui/components/foundation/form/pathbrowser"
                                        fieldLabel="Link to"
                                        name="./linkURL"
                                        rootPath="/content"/>
                                    <description
                                        jcr:primaryType="nt:unstructured"
                                        sling:resourceType="granite/ui/components/foundation/form/textarea"
                                        fieldLabel="Description"
                                        name="./jcr:description"/>
                                    <size
                                        jcr:primaryType="nt:unstructured"
                                        sling:resourceType="cq/gui/components/authoring/dialog/sizefield"
                                        fieldLabel="Size (px)">
                                        <width
                                            jcr:primaryType="nt:unstructured"
                                            sling:resourceType="granite/ui/components/foundation/form/numberfield"
                                            emptyText="Width"
                                            name="./width"/>
                                        <height
                                            jcr:primaryType="nt:unstructured"
                                            sling:resourceType="granite/ui/components/foundation/form/numberfield"
                                            emptyText="Height"
                                            name="./height"/>
                                    </size>
                                </items>
                            </column>
                        </items>
                    </image>
                    <accessibility
                        jcr:primaryType="nt:unstructured"
                        jcr:title="Accessibility"
                        sling:resourceType="granite/ui/components/foundation/section">
                        <layout
                            jcr:primaryType="nt:unstructured"
                            sling:resourceType="granite/ui/components/foundation/layouts/fixedcolumns"
                            margin="{Boolean}false"/>
                        <items jcr:primaryType="nt:unstructured">
                            <column
                                jcr:primaryType="nt:unstructured"
                                sling:resourceType="granite/ui/components/foundation/container">
                                <items jcr:primaryType="nt:unstructured">
                                    <alt
                                        jcr:primaryType="nt:unstructured"
                                        sling:resourceType="granite/ui/components/foundation/form/textfield"
                                        fieldDescription="Provide a textual alternative of the content and function of the image."
                                        fieldLabel="Alternative Text"
                                        name="./alt"/>
                                    <decorative
                                        jcr:primaryType="nt:unstructured"
                                        sling:resourceType="granite/ui/components/foundation/form/checkbox"
                                        fieldDescription="Check if the image should be ignored by assistive technology. This applies to decorative images only."
                                        name="./isDecorative"
                                        text="Image is decorative"
                                        value="true"/>
                                    <deleteIsDecorative
                                        jcr:primaryType="nt:unstructured"
                                        sling:resourceType="granite/ui/components/foundation/form/hidden"
                                        name="./isDecorative@Delete"
                                        value="true"/>
                                </items>
                            </column>
                        </items>
                    </accessibility>
                </items>
            </column2>
        </items>
    </content>
</jcr:root>
