<?xml version="1.0" encoding="UTF-8"?>
<jcr:root xmlns:sling="http://sling.apache.org/jcr/sling/1.0" xmlns:cq="http://www.day.com/jcr/cq/1.0" xmlns:jcr="http://www.jcp.org/jcr/1.0" xmlns:nt="http://www.jcp.org/jcr/nt/1.0"
    jcr:primaryType="cq:Page">
    <jcr:content
        cq:lastModified="{Date}2018-02-09T14:23:40.695-05:00"
        cq:lastModifiedBy="admin"
        cq:template="/conf/l725/settings/wcm/templates/home-page-template"
        jcr:primaryType="cq:PageContent"
        jcr:title="Home"
        sling:resourceType="l725/components/structure/page">
        <root jcr:primaryType="nt:unstructured">
            <responsivegrid
                jcr:lastModified="{Date}2018-02-02T13:40:46.609-05:00"
                jcr:lastModifiedBy="admin"
                jcr:primaryType="nt:unstructured"
                sling:resourceType="wcm/foundation/components/responsivegrid">
                <teaser
                    jcr:created="{Date}2018-01-19T17:11:26.000-05:00"
                    jcr:createdBy="admin"
                    jcr:description="A responsive template by HTML5 UP"
                    jcr:lastModified="{Date}2018-02-05T10:14:29.381-05:00"
                    jcr:lastModifiedBy="admin"
                    jcr:primaryType="nt:unstructured"
                    jcr:title="Howdy. This is Dopetrope."
                    sling:resourceType="l725/components/content/teaser"
                    fileReference="/content/dam/l725/echo-grid-206382.jpg"
                    linkText="Read more"
                    linkURL="/content/l725/dopetrope"/>
                <teaser_321898697
                    jcr:created="{Date}2018-02-05T10:08:02.860-05:00"
                    jcr:createdBy="admin"
                    jcr:description="Nisl amet dolor sit ipsum veroeros sed blandit consequat veroeros et magna tempus."
                    jcr:lastModified="{Date}2018-02-05T10:09:15.040-05:00"
                    jcr:lastModifiedBy="admin"
                    jcr:primaryType="nt:unstructured"
                    jcr:title="Ipsum consequat"
                    sling:resourceType="l725/components/content/teaser"
                    fileReference="/content/dam/l725/gear-icon.png"
                    linkText="Get Started"
                    linkURL="/content/l725/dopetrope">
                    <cq:responsive jcr:primaryType="nt:unstructured">
                        <default
                            jcr:primaryType="nt:unstructured"
                            width="4"/>
                        <phone
                            jcr:primaryType="nt:unstructured"
                            width="12"/>
                    </cq:responsive>
                </teaser_321898697>
                <teaser_1482800850_co
                    cq:styleIds="[1517597773973]"
                    jcr:created="{Date}2018-01-19T17:16:05.384-05:00"
                    jcr:createdBy="admin"
                    jcr:description="Nisl amet dolor sit ipsum veroeros sed blandit consequat veroeros et magna tempus."
                    jcr:lastModified="{Date}2018-02-09T14:23:16.076-05:00"
                    jcr:lastModifiedBy="admin"
                    jcr:primaryType="nt:unstructured"
                    jcr:title="Magna etiam dolor"
                    sling:resourceType="l725/components/content/teaser"
                    fileReference="/content/dam/l725/bolt-icon.png"
                    linkText="Get Started"
                    linkURL="/content/l725/dopetrope">
                    <cq:responsive jcr:primaryType="nt:unstructured">
                        <default
                            jcr:primaryType="nt:unstructured"
                            width="4"/>
                        <phone
                            jcr:primaryType="nt:unstructured"
                            width="12"/>
                    </cq:responsive>
                </teaser_1482800850_co>
                <teaser_1482800850_co_1039202005
                    jcr:created="{Date}2018-01-19T17:16:05.384-05:00"
                    jcr:createdBy="admin"
                    jcr:description="Nisl amet dolor sit ipsum veroeros sed blandit consequat veroeros et magna tempus."
                    jcr:lastModified="{Date}2018-02-05T10:14:44.744-05:00"
                    jcr:lastModifiedBy="admin"
                    jcr:primaryType="nt:unstructured"
                    jcr:title="Tempus adipiscing"
                    sling:resourceType="l725/components/content/teaser"
                    fileReference="/content/dam/l725/star-icon.png"
                    linkText="Get Started"
                    linkURL="/content/l725/dopetrope">
                    <cq:responsive jcr:primaryType="nt:unstructured">
                        <default
                            jcr:primaryType="nt:unstructured"
                            width="4"/>
                        <phone
                            jcr:primaryType="nt:unstructured"
                            width="12"/>
                    </cq:responsive>
                </teaser_1482800850_co_1039202005>
            </responsivegrid>
            <responsivegrid_118059586
                cq:styleIds="[1517596684229]"
                jcr:lastModified="{Date}2018-02-02T13:39:52.967-05:00"
                jcr:lastModifiedBy="admin"
                jcr:primaryType="nt:unstructured"
                sling:resourceType="wcm/foundation/components/responsivegrid">
                <title
                    cq:styleIds="[1516983155397]"
                    jcr:created="{Date}2018-01-19T17:26:29.520-05:00"
                    jcr:createdBy="admin"
                    jcr:lastModified="{Date}2018-02-09T14:18:05.660-05:00"
                    jcr:lastModifiedBy="admin"
                    jcr:primaryType="nt:unstructured"
                    jcr:title="My Portfolio"
                    sling:resourceType="l725/components/content/title"
                    type="h2">
                    <cq:responsive jcr:primaryType="nt:unstructured">
                        <tablet
                            jcr:primaryType="nt:unstructured"
                            width="12"/>
                    </cq:responsive>
                </title>
                <teaser_1482800850_co
                    cq:styleIds="[1517432682950]"
                    jcr:created="{Date}2018-01-19T17:16:05.384-05:00"
                    jcr:createdBy="admin"
                    jcr:description="A teaser component consists of an image, title and description."
                    jcr:lastModified="{Date}2018-02-09T14:23:23.243-05:00"
                    jcr:lastModifiedBy="admin"
                    jcr:primaryType="nt:unstructured"
                    jcr:title="Teaser Component"
                    sling:resourceType="l725/components/content/teaser"
                    fileReference="/content/dam/l725/sarah-dorweiler-123483.jpg"
                    linkText="Read More"
                    linkURL="#">
                    <cq:responsive jcr:primaryType="nt:unstructured">
                        <default
                            jcr:primaryType="nt:unstructured"
                            width="4"/>
                        <tablet
                            jcr:primaryType="nt:unstructured"
                            width="4"/>
                        <phone
                            jcr:primaryType="nt:unstructured"
                            width="12"/>
                    </cq:responsive>
                </teaser_1482800850_co>
                <teaser_1482800850_co_1657557913
                    cq:styleIds="[1517432682950]"
                    jcr:created="{Date}2018-01-19T17:16:05.384-05:00"
                    jcr:createdBy="admin"
                    jcr:description="Nisl amet dolor sit ipsum veroeros sed blandit consequat veroeros et magna tempus."
                    jcr:lastModified="{Date}2018-02-09T14:23:26.077-05:00"
                    jcr:lastModifiedBy="admin"
                    jcr:primaryType="nt:unstructured"
                    jcr:title="Ipsum consequat"
                    sling:resourceType="l725/components/content/teaser"
                    fileReference="/content/dam/l725/lilly-rum-250927.jpg"
                    linkText="Find out more"
                    linkURL="/content/l725/dopetrope">
                    <cq:responsive jcr:primaryType="nt:unstructured">
                        <default
                            jcr:primaryType="nt:unstructured"
                            width="4"/>
                        <phone
                            jcr:primaryType="nt:unstructured"
                            width="12"/>
                    </cq:responsive>
                </teaser_1482800850_co_1657557913>
                <teaser_1482800850_co_90204359
                    cq:styleIds="[1517432682950]"
                    jcr:created="{Date}2018-01-19T17:16:05.384-05:00"
                    jcr:createdBy="admin"
                    jcr:description="Nisl amet dolor sit ipsum veroeros sed blandit consequat veroeros et magna tempus."
                    jcr:lastModified="{Date}2018-02-09T14:23:28.911-05:00"
                    jcr:lastModifiedBy="admin"
                    jcr:primaryType="nt:unstructured"
                    jcr:title="Ipsum consequat"
                    sling:resourceType="l725/components/content/teaser"
                    fileReference="/content/dam/l725/sarah-sosiak-298060.jpg"
                    linkText="Find out more"
                    linkURL="/content/l725/dopetrope">
                    <cq:responsive jcr:primaryType="nt:unstructured">
                        <default
                            jcr:primaryType="nt:unstructured"
                            width="4"/>
                        <phone
                            jcr:primaryType="nt:unstructured"
                            width="12"/>
                    </cq:responsive>
                </teaser_1482800850_co_90204359>
                <teaser_1482800850_co_1380506240
                    cq:styleIds="[1517432682950]"
                    jcr:created="{Date}2018-01-19T17:16:05.384-05:00"
                    jcr:createdBy="admin"
                    jcr:description="Nisl amet dolor sit ipsum veroeros sed blandit consequat veroeros et magna tempus."
                    jcr:lastModified="{Date}2018-02-09T14:23:35.436-05:00"
                    jcr:lastModifiedBy="admin"
                    jcr:primaryType="nt:unstructured"
                    jcr:title="Ipsum consequat"
                    sling:resourceType="l725/components/content/teaser"
                    fileReference="/content/dam/l725/drew-patrick-miller-512.jpg"
                    linkText="Find out more"
                    linkURL="/content/l725/dopetrope">
                    <cq:responsive jcr:primaryType="nt:unstructured">
                        <default
                            jcr:primaryType="nt:unstructured"
                            width="4"/>
                        <phone
                            jcr:primaryType="nt:unstructured"
                            width="12"/>
                    </cq:responsive>
                </teaser_1482800850_co_1380506240>
                <teaser_1482800850_co_1399071929
                    cq:styleIds="[1517432682950]"
                    jcr:created="{Date}2018-01-19T17:16:05.384-05:00"
                    jcr:createdBy="admin"
                    jcr:description="Nisl amet dolor sit ipsum veroeros sed blandit consequat veroeros et magna tempus."
                    jcr:lastModified="{Date}2018-02-09T14:23:38.226-05:00"
                    jcr:lastModifiedBy="admin"
                    jcr:primaryType="nt:unstructured"
                    jcr:title="Ipsum consequat"
                    sling:resourceType="l725/components/content/teaser"
                    fileReference="/content/dam/l725/nordwood-themes-179243.jpg"
                    linkText="Find out more"
                    linkURL="/content/l725/dopetrope">
                    <cq:responsive jcr:primaryType="nt:unstructured">
                        <default
                            jcr:primaryType="nt:unstructured"
                            width="4"/>
                        <phone
                            jcr:primaryType="nt:unstructured"
                            width="12"/>
                    </cq:responsive>
                </teaser_1482800850_co_1399071929>
                <teaser_1482800850_co_1081062280
                    cq:styleIds="[1517432682950]"
                    jcr:created="{Date}2018-01-19T17:16:05.384-05:00"
                    jcr:createdBy="admin"
                    jcr:description="Nisl amet dolor sit ipsum veroeros sed blandit consequat veroeros et magna tempus."
                    jcr:lastModified="{Date}2018-02-09T14:23:40.690-05:00"
                    jcr:lastModifiedBy="admin"
                    jcr:primaryType="nt:unstructured"
                    jcr:title="Ipsum consequat"
                    sling:resourceType="l725/components/content/teaser"
                    fileReference="/content/dam/l725/maarten-deckers-295105.jpg"
                    linkText="Find out more"
                    linkURL="/content/l725/dopetrope">
                    <cq:responsive jcr:primaryType="nt:unstructured">
                        <default
                            jcr:primaryType="nt:unstructured"
                            width="4"/>
                        <phone
                            jcr:primaryType="nt:unstructured"
                            width="12"/>
                    </cq:responsive>
                </teaser_1482800850_co_1081062280>
                <title_421398264
                    cq:styleIds="[1516983155397]"
                    jcr:created="{Date}2018-01-19T17:28:29.690-05:00"
                    jcr:createdBy="admin"
                    jcr:lastModified="{Date}2018-02-09T14:18:16.156-05:00"
                    jcr:lastModifiedBy="admin"
                    jcr:primaryType="nt:unstructured"
                    jcr:title="The Blog"
                    sling:resourceType="l725/components/content/title"
                    type="h2"/>
                <teaser_1482800850_co_1679154171
                    jcr:created="{Date}2018-01-19T17:16:05.384-05:00"
                    jcr:createdBy="admin"
                    jcr:description="Lorem ipsum dolor sit amet sit veroeros sed et blandit consequat sed veroeros lorem et blandit adipiscing feugiat phasellus tempus hendrerit, tortor vitae mattis tempor, sapien sem feugiat sapien, id suscipit magna felis nec elit. Class aptent taciti sociosqu ad litora torquent per conubia nostra, per inceptos lorem ipsum dolor sit amet."
                    jcr:lastModified="{Date}2018-02-05T10:35:04.697-05:00"
                    jcr:lastModifiedBy="admin"
                    jcr:primaryType="nt:unstructured"
                    jcr:title="Ipsum consequat"
                    sling:resourceType="l725/components/content/teaser"
                    fileReference="/content/dam/l725/alex-holyoake-157978.jpg"
                    linkText="Continue Reading"
                    linkURL="/content/l725/dopetrope/posts/post-5">
                    <cq:responsive jcr:primaryType="nt:unstructured">
                        <default
                            jcr:primaryType="nt:unstructured"
                            width="6"/>
                        <phone
                            jcr:primaryType="nt:unstructured"
                            width="12"/>
                    </cq:responsive>
                </teaser_1482800850_co_1679154171>
                <teaser_1482800850_co_1582788460
                    jcr:created="{Date}2018-01-19T17:16:05.384-05:00"
                    jcr:createdBy="admin"
                    jcr:description="Lorem ipsum dolor sit amet sit veroeros sed et blandit consequat sed veroeros lorem et blandit adipiscing feugiat phasellus tempus hendrerit, tortor vitae mattis tempor, sapien sem feugiat sapien, id suscipit magna felis nec elit. Class aptent taciti sociosqu ad litora torquent per conubia nostra, per inceptos lorem ipsum dolor sit amet."
                    jcr:lastModified="{Date}2018-02-05T10:35:37.134-05:00"
                    jcr:lastModifiedBy="admin"
                    jcr:primaryType="nt:unstructured"
                    jcr:title="Ipsum consequat"
                    sling:resourceType="l725/components/content/teaser"
                    fileReference="/content/dam/l725/josh-nuttall-271928.jpg"
                    linkText="Continue Reading"
                    linkURL="/content/l725/dopetrope/posts/post-4">
                    <cq:responsive jcr:primaryType="nt:unstructured">
                        <default
                            jcr:primaryType="nt:unstructured"
                            width="6"/>
                        <phone
                            jcr:primaryType="nt:unstructured"
                            width="12"/>
                    </cq:responsive>
                </teaser_1482800850_co_1582788460>
            </responsivegrid_118059586>
        </root>
    </jcr:content>
    <sections/>
    <portfolio/>
    <posts/>
    <links/>
</jcr:root>
