<?xml version="1.0" encoding="UTF-8"?>
<jcr:root xmlns:sling="http://sling.apache.org/jcr/sling/1.0" xmlns:cq="http://www.day.com/jcr/cq/1.0" xmlns:jcr="http://www.jcp.org/jcr/1.0" xmlns:nt="http://www.jcp.org/jcr/nt/1.0"
    jcr:primaryType="cq:Page">
    <jcr:content
        cq:lastModified="{Date}2018-01-22T17:09:58.103-05:00"
        cq:lastModifiedBy="admin"
        jcr:primaryType="cq:PageContent"
        jcr:title="Geolocation Store Northern US"
        sling:resourceType="cq/contexthub/components/segment-page"
        segmentBoost="{Long}0"
        segmentName="geolocation-store-northern-us">
        <traits
            jcr:primaryType="nt:unstructured"
            sling:resourceType="cq/contexthub/components/traits/logic/operator-and">
            <andpar
                jcr:primaryType="nt:unstructured"
                sling:resourceType="foundation/components/parsys">
                <one
                    jcr:primaryType="nt:unstructured"
                    sling:resourceType="cq/contexthub/components/traits/logic/operator-and">
                    <andpar
                        jcr:primaryType="nt:unstructured"
                        sling:resourceType="foundation/components/parsys">
                        <fromLocation
                            jcr:lastModified="{Date}2018-01-22T17:09:42.254-05:00"
                            jcr:lastModifiedBy="admin"
                            jcr:primaryType="nt:unstructured"
                            sling:resourceType="cq/contexthub/components/traits/generic-comparison/variants/property-value"
                            dataType="number"
                            operator="less-than">
                            <left
                                jcr:primaryType="nt:unstructured"
                                sling:resourceType="cq/contexthub/components/traits/generic-comparison/type/property"
                                property="geolocation/longitude"/>
                            <right
                                jcr:primaryType="nt:unstructured"
                                sling:resourceType="cq/contexthub/components/traits/generic-comparison/type/value"
                                value="-88"/>
                        </fromLocation>
                        <toLocation
                            jcr:lastModified="{Date}2018-01-22T17:09:58.101-05:00"
                            jcr:lastModifiedBy="admin"
                            jcr:primaryType="nt:unstructured"
                            sling:resourceType="cq/contexthub/components/traits/generic-comparison/variants/property-value"
                            dataType="number"
                            operator="greater-than">
                            <left
                                jcr:primaryType="nt:unstructured"
                                sling:resourceType="cq/contexthub/components/traits/generic-comparison/type/property"
                                property="geolocation/longitude"/>
                            <right
                                jcr:primaryType="nt:unstructured"
                                sling:resourceType="cq/contexthub/components/traits/generic-comparison/type/value"
                                value="-115"/>
                        </toLocation>
                        <aboveCenter
                            jcr:lastModified="{Date}2017-05-03T15:30:24.827-04:00"
                            jcr:lastModifiedBy="admin"
                            jcr:primaryType="nt:unstructured"
                            sling:resourceType="cq/contexthub/components/traits/generic-comparison/variants/property-value"
                            dataType="number"
                            operator="greater-than">
                            <left
                                jcr:primaryType="nt:unstructured"
                                sling:resourceType="cq/contexthub/components/traits/generic-comparison/type/property"
                                property="geolocation/latitude"/>
                            <right
                                jcr:primaryType="nt:unstructured"
                                sling:resourceType="cq/contexthub/components/traits/generic-comparison/type/value"
                                value="40"/>
                        </aboveCenter>
                    </andpar>
                </one>
            </andpar>
        </traits>
    </jcr:content>
</jcr:root>
