<?xml version="1.0" encoding="UTF-8"?>
<jcr:root xmlns:sling="http://sling.apache.org/jcr/sling/1.0" xmlns:cq="http://www.day.com/jcr/cq/1.0" xmlns:jcr="http://www.jcp.org/jcr/1.0" xmlns:mix="http://www.jcp.org/jcr/mix/1.0" xmlns:nt="http://www.jcp.org/jcr/nt/1.0"
    jcr:primaryType="cq:Page">
    <jcr:content
        cq:allowedTemplates="/conf/getaways/settings/wcm/templates/.*"
        cq:contextHubPath="/etc/cloudsettings/default/contexthub"
        cq:contextHubSegmentsPath="/etc/segmentation/contexthub"
        cq:designPath="/etc/designs/getaway-design"
        cq:lastModified="{Date}2018-02-13T19:20:34.328-05:00"
        cq:lastModifiedBy="admin"
        cq:template="/conf/getaways/settings/wcm/templates/logged-in-template"
        jcr:isCheckedOut="{Boolean}true"
        jcr:mixinTypes="[mix:versionable]"
        jcr:primaryType="cq:PageContent"
        jcr:title="Logged In Renter"
        jcr:uuid="7ecf90c5-87b5-4a57-aefb-947fe609ea35"
        sling:resourceType="getaways/components/structure/page">
        <root jcr:primaryType="nt:unstructured">
            <responsivegrid
                jcr:primaryType="nt:unstructured"
                sling:resourceType="wcm/foundation/components/responsivegrid">
                <whatshot
                    jcr:created="{Date}2018-01-15T16:22:36.037-05:00"
                    jcr:createdBy="admin"
                    jcr:lastModified="{Date}2018-01-15T16:22:36.037-05:00"
                    jcr:lastModifiedBy="admin"
                    jcr:primaryType="nt:unstructured"
                    sling:resourceType="getaways/components/content/whatshot"/>
                <leadarticles
                    jcr:created="{Date}2018-01-15T16:24:32.577-05:00"
                    jcr:createdBy="admin"
                    jcr:lastModified="{Date}2018-01-15T16:24:32.577-05:00"
                    jcr:lastModifiedBy="admin"
                    jcr:primaryType="nt:unstructured"
                    sling:resourceType="getaways/components/content/leadarticles"/>
            </responsivegrid>
            <loggedinheader jcr:primaryType="nt:unstructured">
                <headerTable
                    jcr:lastModified="{Date}2018-01-16T21:49:49.202-05:00"
                    jcr:lastModifiedBy="admin"
                    jcr:primaryType="nt:unstructured"
                    sling:resourceType="dam/cfm/components/contentfragment"
                    element="main"
                    fileReference="/content/dam/getaways/getaway-header"
                    text="                                &#xa;&#xa;&#xa;&#xa;&#xa;&#xa;&#xa;&#xa;            LOGGED IN OWNER&#xa;&#xa;WELCOME &quot;PREFERRED NAME&quot;&#xa;&#xa;LAST LOGIN: 01/12/2018 8:55AM&#xa;&#xa;                    &#xa;&#xa;&#xa;&#xa;&#xa;&#xa;&#xa;&#xa;    &#xa;&#xa;                "
                    textIsRich="true"
                    variation="owner">
                    <par1
                        jcr:primaryType="nt:unstructured"
                        sling:resourceType="wcm/foundation/components/responsivegrid"/>
                </headerTable>
            </loggedinheader>
            <loggedinfooter jcr:primaryType="nt:unstructured">
                <footerTable
                    jcr:lastModified="{Date}2018-01-16T21:49:21.161-05:00"
                    jcr:lastModifiedBy="admin"
                    jcr:primaryType="nt:unstructured"
                    sling:resourceType="dam/cfm/components/contentfragment"
                    element="main"
                    fileReference="/content/dam/getaways/getaway-header"
                    text="                                &#xa;&#xa;&#xa;&#xa;&#xa;&#xa;&#xa;&#xa;            LOGGED IN OWNER&#xa;&#xa;WELCOME &quot;PREFERRED NAME&quot;&#xa;&#xa;LAST LOGIN: 01/12/2018 8:55AM&#xa;&#xa;                    &#xa;&#xa;&#xa;&#xa;&#xa;&#xa;&#xa;&#xa;    &#xa;&#xa;                "
                    variation="owner"/>
            </loggedinfooter>
        </root>
        <image jcr:primaryType="nt:unstructured">
            <file/>
        </image>
    </jcr:content>
    <logged-in-searchresults/>
    <logged-in-renterdetail/>
</jcr:root>
