<?xml version="1.0" encoding="UTF-8"?>
<jcr:root xmlns:sling="http://sling.apache.org/jcr/sling/1.0" xmlns:cq="http://www.day.com/jcr/cq/1.0" xmlns:jcr="http://www.jcp.org/jcr/1.0" xmlns:nt="http://www.jcp.org/jcr/nt/1.0"
    jcr:primaryType="cq:Page">
    <jcr:content
        cq:lastModified="{Date}2018-03-07T15:50:56.218-10:00"
        cq:lastModifiedBy="admin"
        cq:template="/libs/screens/core/templates/display"
        jcr:lastModified="{Date}2018-03-07T15:15:13.613-10:00"
        jcr:lastModifiedBy="admin"
        jcr:primaryType="cq:PageContent"
        jcr:title="Primary Panel"
        sling:resourceType="screens/core/components/display"
        layoutNumCols="1"
        layoutNumRows="1"
        resolution="1920x1080">
        <channels
            jcr:primaryType="nt:unstructured"
            idleText="Touch to interact!"
            idleTimeout="{Long}300"
            strategy="normal"
            transition="normal">
            <default
                jcr:primaryType="nt:unstructured"
                sling:resourceType="screens/core/components/channelassignment/absolute"
                events="[load,idle,timer]"
                path="/content/screens/summit-lab-2018/channels/las-vegas/lab/default"
                priority="1"
                role="default"
                showTooltip="false">
                <offline-config_default/>
            </default>
            <marketing_campaign
                jcr:primaryType="nt:unstructured"
                sling:resourceType="screens/core/components/channelassignment/absolute"
                events="[timer]"
                path="/content/screens/summit-lab-2018/channels/las-vegas/lab/campaign"
                priority="2"
                role="marketing-campaign"
                schedule="after 9:00AM and before 10:00AM"
                showTooltip="false">
                <offline-config_marketing_campaign/>
            </marketing_campaign>
            <happy_hour
                jcr:primaryType="nt:unstructured"
                sling:resourceType="screens/core/components/channelassignment/absolute"
                events="[timer]"
                path="/content/screens/summit-lab-2018/channels/las-vegas/lab/happy-hour"
                priority="2"
                role="happy-hour"
                schedule="after 5:00PM and before 7:00PM"
                showTooltip="false">
                <offline-config_happy_hour/>
            </happy_hour>
        </channels>
    </jcr:content>
    <device/>
</jcr:root>
