<?xml version="1.0" encoding="UTF-8"?>
<jcr:root xmlns:sling="http://sling.apache.org/jcr/sling/1.0" xmlns:jcr="http://www.jcp.org/jcr/1.0"
    jcr:primaryType="sling:OrderedFolder"
    jcr:title="ContextHub Configuration"
    sling:resourceType="/libs/granite/contexthub/cloudsettings/components/baseconfiguration"
    debug="{Boolean}false"
    disabled="{Boolean}false"
    initializationTimeout="{Long}2000">
    <geolocation/>
    <surferinfo/>
    <profile/>
    <emulators/>
    <persona/>
    <device/>
    <eventdata/>
    <pagedata/>
    <segmentation/>
    <metadata/>
    <seeddata/>
    <commerce/>
    <abandonedproducts/>
    <recentlyviewed/>
    <cart/>
    <orderhistory/>
    <relatedproducts/>
    <smartlists/>
</jcr:root>
