<?xml version="1.0" encoding="UTF-8"?>
<jcr:root xmlns:sling="http://sling.apache.org/jcr/sling/1.0" xmlns:cq="http://www.day.com/jcr/cq/1.0" xmlns:jcr="http://www.jcp.org/jcr/1.0" xmlns:nt="http://www.jcp.org/jcr/nt/1.0" xmlns:rep="internal"
    jcr:mixinTypes="[rep:AccessControllable]"
    jcr:primaryType="cq:Page">
    <wcm jcr:primaryType="nt:unstructured">
        <foundation jcr:primaryType="nt:unstructured">
            <components jcr:primaryType="nt:unstructured">
                <responsivegrid jcr:primaryType="nt:unstructured">
                    <policy_631886077408897
                        jcr:description="Default container policy for Layout Container in Dopetrope theme."
                        jcr:lastModified="{Date}2018-02-09T13:21:12.533-05:00"
                        jcr:lastModifiedBy="admin"
                        jcr:primaryType="nt:unstructured"
                        jcr:title="Dopetrope Layout Container - Content"
                        sling:resourceType="wcm/core/components/policy/policy"
                        components="[/libs/wcm/foundation/components/responsivegrid,group:l725 - Content]">
                        <jcr:content jcr:primaryType="nt:unstructured"/>
                        <cq:authoring jcr:primaryType="nt:unstructured">
                            <assetToComponentMapping jcr:primaryType="nt:unstructured">
                                <mapping_1516979027662
                                    jcr:primaryType="nt:unstructured"
                                    assetGroup="media"
                                    assetMimetype="[image/*]"
                                    droptarget="image"
                                    resourceType="l725/components/content/image"/>
                            </assetToComponentMapping>
                        </cq:authoring>
                        <cq:styleGroups jcr:primaryType="nt:unstructured">
                            <item0 jcr:primaryType="nt:unstructured">
                                <cq:styles jcr:primaryType="nt:unstructured">
                                    <item0
                                        cq:styleClasses="cmp-layout-container--secondary"
                                        cq:styleId="1517596684229"
                                        cq:styleLabel="Secondary"
                                        jcr:primaryType="nt:unstructured"/>
                                    <item1
                                        cq:styleClasses="cmp-layout-container--inverse"
                                        cq:styleId="1517596695284"
                                        cq:styleLabel="Inverse"
                                        jcr:primaryType="nt:unstructured"/>
                                </cq:styles>
                            </item0>
                        </cq:styleGroups>
                    </policy_631886077408897>
                    <policy_1517599224042
                        jcr:lastModified="{Date}2018-02-02T14:21:03.140-05:00"
                        jcr:lastModifiedBy="admin"
                        jcr:primaryType="nt:unstructured"
                        jcr:title="Dopetrope Layout Container - Structure"
                        sling:resourceType="wcm/core/components/policy/policy"
                        components="[/libs/wcm/foundation/components/responsivegrid,group:l725 - Structure,group:l725 - Content]">
                        <jcr:content jcr:primaryType="nt:unstructured"/>
                    </policy_1517599224042>
                </responsivegrid>
            </components>
        </foundation>
    </wcm>
    <l725 jcr:primaryType="nt:unstructured">
        <components jcr:primaryType="nt:unstructured">
            <structure jcr:primaryType="nt:unstructured">
                <page jcr:primaryType="nt:unstructured">
                    <policy_1516397389726
                        jcr:lastModified="{Date}2018-02-01T15:11:43.710-05:00"
                        jcr:lastModifiedBy="admin"
                        jcr:primaryType="nt:unstructured"
                        jcr:title="Dopetrope Theme"
                        sling:resourceType="wcm/core/components/policy/policy"
                        clientlibs="l725.dopetrope">
                        <jcr:content jcr:primaryType="nt:unstructured"/>
                    </policy_1516397389726>
                    <policy_1518195447758
                        jcr:lastModified="{Date}2018-02-09T11:58:07.788-05:00"
                        jcr:lastModifiedBy="admin"
                        jcr:primaryType="nt:unstructured"
                        jcr:title="Wireframe Theme"
                        sling:resourceType="wcm/core/components/policy/policy"
                        clientlibs="l725.wireframe">
                        <jcr:content jcr:primaryType="nt:unstructured"/>
                    </policy_1518195447758>
                </page>
                <navigation jcr:primaryType="nt:unstructured">
                    <policy_1516399006799
                        cq:styleDefaultClasses="cmp-navigation--top"
                        jcr:lastModified="{Date}2018-02-09T13:19:10.492-05:00"
                        jcr:lastModifiedBy="admin"
                        jcr:primaryType="nt:unstructured"
                        jcr:title="Dopetrope Navigation"
                        sling:resourceType="wcm/core/components/policy/policy"
                        collectAllPages="false"
                        navigationRoot="/content/l725/dopetrope"
                        skipNavigationRoot="false"
                        structureDepth="1">
                        <jcr:content jcr:primaryType="nt:unstructured"/>
                        <cq:styleGroups jcr:primaryType="nt:unstructured">
                            <item0 jcr:primaryType="nt:unstructured"/>
                        </cq:styleGroups>
                    </policy_1516399006799>
                </navigation>
            </structure>
            <content jcr:primaryType="nt:unstructured">
                <title jcr:primaryType="nt:unstructured">
                    <policy_1516983037374
                        jcr:description="Policy for Title component in Dopetrope theme."
                        jcr:lastModified="{Date}2018-02-02T13:47:24.985-05:00"
                        jcr:lastModifiedBy="admin"
                        jcr:primaryType="nt:unstructured"
                        jcr:title="Dopetrope Title"
                        sling:resourceType="wcm/core/components/policy/policy"
                        allowedTypes="[h1,h2,h3,h4,h5,h6]"
                        type="h1">
                        <jcr:content jcr:primaryType="nt:unstructured"/>
                        <cq:styleGroups jcr:primaryType="nt:unstructured">
                            <item0
                                cq:styleGroupLabel="Styles"
                                jcr:primaryType="nt:unstructured">
                                <cq:styles jcr:primaryType="nt:unstructured">
                                    <item0
                                        cq:styleClasses="cmp-title--site"
                                        cq:styleId="1516983066102"
                                        cq:styleLabel="Site Title"
                                        jcr:primaryType="nt:unstructured"/>
                                    <item1
                                        cq:styleClasses="cmp-title--section"
                                        cq:styleId="1516983155397"
                                        cq:styleLabel="Section Header"
                                        jcr:primaryType="nt:unstructured"/>
                                </cq:styles>
                            </item0>
                        </cq:styleGroups>
                    </policy_1516983037374>
                </title>
                <teaser jcr:primaryType="nt:unstructured">
                    <policy_1517432657034
                        cq:styleDefaultClasses="cmp-teaser--default"
                        jcr:lastModified="{Date}2018-02-02T13:57:34.611-05:00"
                        jcr:lastModifiedBy="admin"
                        jcr:primaryType="nt:unstructured"
                        jcr:title="Dopetrope Teaser"
                        sling:resourceType="wcm/core/components/policy/policy">
                        <jcr:content jcr:primaryType="nt:unstructured"/>
                        <cq:styleGroups jcr:primaryType="nt:unstructured">
                            <item0
                                cq:styleGroupLabel="Styles"
                                jcr:primaryType="nt:unstructured">
                                <cq:styles jcr:primaryType="nt:unstructured">
                                    <item0
                                        cq:styleClasses="cmp-teaser--default cmp-teaser--shadow"
                                        cq:styleId="1517597773973"
                                        cq:styleLabel="Shadow"
                                        jcr:primaryType="nt:unstructured"/>
                                    <item1
                                        cq:styleClasses="cmp-teaser--portfolio"
                                        cq:styleId="1517432682950"
                                        cq:styleLabel="Portfolio"
                                        jcr:primaryType="nt:unstructured"/>
                                    <item2
                                        cq:styleClasses="cmp-teaser--hero full-width"
                                        cq:styleId="1517432676639"
                                        cq:styleLabel="Hero"
                                        jcr:primaryType="nt:unstructured"/>
                                    <item3
                                        cq:styleClasses="cmp-teaser--post"
                                        cq:styleId="1517597697408"
                                        cq:styleLabel="Post"
                                        jcr:primaryType="nt:unstructured"/>
                                </cq:styles>
                            </item0>
                        </cq:styleGroups>
                    </policy_1517432657034>
                </teaser>
                <text jcr:primaryType="nt:unstructured">
                    <policy_1517597633913
                        jcr:lastModified="{Date}2018-02-02T13:54:32.370-05:00"
                        jcr:lastModifiedBy="admin"
                        jcr:primaryType="nt:unstructured"
                        jcr:title="Dopetrope Text"
                        sling:resourceType="wcm/core/components/policy/policy">
                        <jcr:content jcr:primaryType="nt:unstructured"/>
                        <rtePlugins jcr:primaryType="nt:unstructured">
                            <paraformat
                                jcr:primaryType="nt:unstructured"
                                features="*">
                                <formats
                                    jcr:primaryType="nt:unstructured"
                                    override="true">
                                    <item0
                                        jcr:primaryType="nt:unstructured"
                                        description="Paragraph"
                                        tag="p"/>
                                    <item1
                                        jcr:primaryType="nt:unstructured"
                                        description="Heading 1"
                                        tag="h1"/>
                                    <item2
                                        jcr:primaryType="nt:unstructured"
                                        description="Heading 2"
                                        tag="h2"/>
                                    <item3
                                        jcr:primaryType="nt:unstructured"
                                        description="Heading 3"
                                        tag="h3"/>
                                    <item4
                                        jcr:primaryType="nt:unstructured"
                                        description="Heading 4"
                                        tag="h4"/>
                                    <item5
                                        jcr:primaryType="nt:unstructured"
                                        description="Heading 5"
                                        tag="h5"/>
                                    <item6
                                        jcr:primaryType="nt:unstructured"
                                        description="Heading 6"
                                        tag="h6"/>
                                    <item7
                                        jcr:primaryType="nt:unstructured"
                                        description="Quote"
                                        tag="blockquote"/>
                                    <item8
                                        jcr:primaryType="nt:unstructured"
                                        description="Preformatted"
                                        tag="pre"/>
                                </formats>
                            </paraformat>
                            <misctools
                                jcr:primaryType="nt:unstructured"
                                features="specialchars">
                                <specialCharsConfig jcr:primaryType="nt:unstructured">
                                    <chars
                                        jcr:primaryType="nt:unstructured"
                                        override="true">
                                        <item0
                                            jcr:primaryType="nt:unstructured"
                                            entity="&amp;copy;"
                                            name="copyright"/>
                                        <item1
                                            jcr:primaryType="nt:unstructured"
                                            entity="&amp;euro;"
                                            name="euro"/>
                                        <item2
                                            jcr:primaryType="nt:unstructured"
                                            entity="&amp;reg;"
                                            name="registered"/>
                                        <item3
                                            jcr:primaryType="nt:unstructured"
                                            entity="&amp;trade;"
                                            name="trademark"/>
                                    </chars>
                                </specialCharsConfig>
                            </misctools>
                            <edit
                                jcr:primaryType="nt:unstructured"
                                features="-"/>
                            <spellcheck
                                jcr:primaryType="nt:unstructured"
                                features="-"/>
                            <table
                                jcr:primaryType="nt:unstructured"
                                features="-"/>
                            <lists
                                jcr:primaryType="nt:unstructured"
                                features="*"/>
                            <format
                                jcr:primaryType="nt:unstructured"
                                features="bold,italic,underline"/>
                            <links
                                jcr:primaryType="nt:unstructured"
                                features="modifylink,unlink"/>
                            <subsuperscript
                                jcr:primaryType="nt:unstructured"
                                features="-"/>
                            <findreplace
                                jcr:primaryType="nt:unstructured"
                                features="*"/>
                            <justify
                                jcr:primaryType="nt:unstructured"
                                features="*"/>
                        </rtePlugins>
                    </policy_1517597633913>
                </text>
                <list jcr:primaryType="nt:unstructured">
                    <policy_1517599409716
                        cq:styleDefaultClasses="cmp-list--default"
                        jcr:lastModified="{Date}2018-02-02T14:28:01.908-05:00"
                        jcr:lastModifiedBy="admin"
                        jcr:primaryType="nt:unstructured"
                        jcr:title="Dopetrope List"
                        sling:resourceType="wcm/core/components/policy/policy"
                        disableChildren="false"
                        disableSearch="false"
                        disableStatic="false"
                        disableTags="false"
                        linkItems="false"
                        showDescription="false"
                        showModificationDate="false">
                        <jcr:content jcr:primaryType="nt:unstructured"/>
                        <cq:styleGroups jcr:primaryType="nt:unstructured">
                            <item0
                                cq:styleGroupLabel="Styles"
                                jcr:primaryType="nt:unstructured">
                                <cq:styles jcr:primaryType="nt:unstructured">
                                    <item0
                                        cq:styleClasses="cmp-list--date-accent"
                                        cq:styleId="1517599457702"
                                        cq:styleLabel="Date Accent"
                                        jcr:primaryType="nt:unstructured"/>
                                </cq:styles>
                            </item0>
                        </cq:styleGroups>
                    </policy_1517599409716>
                </list>
            </content>
        </components>
    </l725>
    <rep:policy/>
</jcr:root>
