<?xml version="1.0" encoding="UTF-8"?>
<jcr:root xmlns:sling="http://sling.apache.org/jcr/sling/1.0" xmlns:fdm="http://www.adobe.com/aemfd/fdm/1.0" xmlns:jcr="http://www.jcp.org/jcr/1.0" xmlns:nt="http://www.jcp.org/jcr/nt/1.0"
    jcr:primaryType="sling:Folder">
    <jcr:content
        jcr:primaryType="nt:unstructured"
        name="retirementstatement"
        rendition.handler.id="fdm.structure"
        title="RetirementStatement">
        <definitions jcr:primaryType="nt:unstructured">
            <balances_1521130650700
                fdm:binaryEntity="{Boolean}false"
                fdm:bindRef="balances"
                fdm:defaultBinaryEntity="{Boolean}false"
                fdm:genericOperationAllowed="{Boolean}false"
                fdm:rootEntity="{Boolean}true"
                fdm:schemaName="DEFAULT_SCHEMA"
                fdm:source="source1"
                jcr:primaryType="nt:unstructured"
                id="balances_1521130650700"
                name="balances">
                <links jcr:primaryType="nt:unstructured">
                    <get_getstatementid1521142892191
                        fdm:source="source1"
                        jcr:primaryType="nt:unstructured"
                        description="Gets the transction of user by id"
                        genericOperation="{Boolean}false"
                        href="localhost:8080/SampleRest/webapi"
                        id="GET /getStatement/{id}_1521142892191"
                        method="GET"
                        name="GET /getStatement/{id}"
                        rel="self">
                        <fdm:data
                            jcr:primaryType="nt:unstructured"
                            id="094876"/>
                        <schema
                            fdm:bindRef="schema"
                            fdm:computed="{Boolean}false"
                            fdm:primaryKey="{Boolean}false"
                            fdm:protected="{Boolean}false"
                            fdm:required="{Boolean}false"
                            jcr:primaryType="nt:unstructured"
                            description="operation input description"
                            name="schema"
                            type="object">
                            <properties jcr:primaryType="nt:unstructured">
                                <id
                                    fdm:bindRef="id"
                                    fdm:computed="{Boolean}false"
                                    fdm:in="path"
                                    fdm:primaryKey="{Boolean}false"
                                    fdm:protected="{Boolean}false"
                                    fdm:required="{Boolean}true"
                                    jcr:primaryType="nt:unstructured"
                                    default=""
                                    description="Account Number of the Customer"
                                    name="id"
                                    title=""
                                    type="string"/>
                            </properties>
                        </schema>
                        <targetSchema
                            fdm:bindRef="balances"
                            fdm:computed="{Boolean}false"
                            fdm:primaryKey="{Boolean}false"
                            fdm:protected="{Boolean}false"
                            fdm:required="{Boolean}false"
                            jcr:primaryType="nt:unstructured"
                            _x0024_ref="balances_1521130650700"
                            name="balances"
                            title="balances"
                            type="object"/>
                    </get_getstatementid1521142892191>
                </links>
                <properties jcr:primaryType="nt:unstructured">
                    <balances
                        fdm:bindRef="balances"
                        fdm:computed="{Boolean}false"
                        fdm:primaryKey="{Boolean}false"
                        fdm:protected="{Boolean}false"
                        fdm:required="{Boolean}false"
                        jcr:primaryType="nt:unstructured"
                        name="balances"
                        type="array">
                        <items
                            fdm:binaryEntity="{Boolean}false"
                            fdm:bindRef="items"
                            fdm:defaultBinaryEntity="{Boolean}false"
                            fdm:genericOperationAllowed="{Boolean}false"
                            fdm:rootEntity="{Boolean}true"
                            jcr:primaryType="nt:unstructured"
                            _x0024_ref="balance_1521130650699"
                            name="items"
                            type="object">
                            <links jcr:primaryType="nt:unstructured"/>
                        </items>
                    </balances>
                    <accountSummary
                        fdm:bindRef="accountSummary"
                        fdm:computed="{Boolean}false"
                        fdm:primaryKey="{Boolean}false"
                        fdm:protected="{Boolean}false"
                        fdm:required="{Boolean}false"
                        jcr:primaryType="nt:unstructured"
                        name="accountSummary"
                        type="array">
                        <items
                            fdm:binaryEntity="{Boolean}false"
                            fdm:bindRef="items"
                            fdm:defaultBinaryEntity="{Boolean}false"
                            fdm:genericOperationAllowed="{Boolean}false"
                            fdm:rootEntity="{Boolean}true"
                            jcr:primaryType="nt:unstructured"
                            _x0024_ref="accountSummary_1521130650700"
                            name="items"
                            type="object">
                            <links jcr:primaryType="nt:unstructured"/>
                        </items>
                    </accountSummary>
                    <estimatedIncome
                        fdm:bindRef="estimatedIncome"
                        fdm:computed="{Boolean}false"
                        fdm:primaryKey="{Boolean}false"
                        fdm:protected="{Boolean}false"
                        fdm:required="{Boolean}false"
                        jcr:primaryType="nt:unstructured"
                        name="estimatedIncome"
                        type="array">
                        <items
                            fdm:binaryEntity="{Boolean}false"
                            fdm:bindRef="items"
                            fdm:defaultBinaryEntity="{Boolean}false"
                            fdm:genericOperationAllowed="{Boolean}false"
                            fdm:rootEntity="{Boolean}true"
                            jcr:primaryType="nt:unstructured"
                            _x0024_ref="estimatedIncome_1521130650700"
                            name="items"
                            type="object">
                            <links jcr:primaryType="nt:unstructured"/>
                        </items>
                    </estimatedIncome>
                    <currentAssetMix
                        fdm:bindRef="currentAssetMix"
                        fdm:computed="{Boolean}false"
                        fdm:primaryKey="{Boolean}false"
                        fdm:protected="{Boolean}false"
                        fdm:required="{Boolean}false"
                        jcr:primaryType="nt:unstructured"
                        name="currentAssetMix"
                        type="array">
                        <items
                            fdm:binaryEntity="{Boolean}false"
                            fdm:bindRef="items"
                            fdm:defaultBinaryEntity="{Boolean}false"
                            fdm:genericOperationAllowed="{Boolean}false"
                            fdm:rootEntity="{Boolean}true"
                            jcr:primaryType="nt:unstructured"
                            _x0024_ref="currentAssetMix_1521130650700"
                            name="items"
                            type="object">
                            <links jcr:primaryType="nt:unstructured"/>
                        </items>
                    </currentAssetMix>
                    <modelAssetMix
                        fdm:bindRef="modelAssetMix"
                        fdm:computed="{Boolean}false"
                        fdm:primaryKey="{Boolean}false"
                        fdm:protected="{Boolean}false"
                        fdm:required="{Boolean}false"
                        jcr:primaryType="nt:unstructured"
                        name="modelAssetMix"
                        type="array">
                        <items
                            fdm:binaryEntity="{Boolean}false"
                            fdm:bindRef="items"
                            fdm:defaultBinaryEntity="{Boolean}false"
                            fdm:genericOperationAllowed="{Boolean}false"
                            fdm:rootEntity="{Boolean}true"
                            jcr:primaryType="nt:unstructured"
                            _x0024_ref="modelAssetMix_1521130650700"
                            name="items"
                            type="object">
                            <links jcr:primaryType="nt:unstructured"/>
                        </items>
                    </modelAssetMix>
                    <user
                        fdm:bindRef="user"
                        fdm:computed="{Boolean}false"
                        fdm:primaryKey="{Boolean}false"
                        fdm:protected="{Boolean}false"
                        fdm:required="{Boolean}false"
                        jcr:primaryType="nt:unstructured"
                        _x0024_ref="user_1521130650700"
                        name="user"
                        type="object"/>
                </properties>
            </balances_1521130650700>
            <balance_1521130650699
                fdm:binaryEntity="{Boolean}false"
                fdm:bindRef="balance"
                fdm:defaultBinaryEntity="{Boolean}false"
                fdm:genericOperationAllowed="{Boolean}false"
                fdm:rootEntity="{Boolean}false"
                fdm:schemaName="DEFAULT_SCHEMA"
                fdm:source="source1"
                jcr:primaryType="nt:unstructured"
                id="balance_1521130650699"
                name="balance">
                <links jcr:primaryType="nt:unstructured"/>
                <properties jcr:primaryType="nt:unstructured">
                    <balance
                        fdm:bindRef="balance"
                        fdm:computed="{Boolean}false"
                        fdm:primaryKey="{Boolean}false"
                        fdm:protected="{Boolean}false"
                        fdm:required="{Boolean}false"
                        jcr:primaryType="nt:unstructured"
                        name="balance"
                        type="number"/>
                    <year
                        fdm:bindRef="year"
                        fdm:computed="{Boolean}false"
                        fdm:primaryKey="{Boolean}false"
                        fdm:protected="{Boolean}false"
                        fdm:required="{Boolean}false"
                        jcr:primaryType="nt:unstructured"
                        name="year"
                        type="string"/>
                </properties>
            </balance_1521130650699>
            <accountSummary_1521130650700
                fdm:binaryEntity="{Boolean}false"
                fdm:bindRef="accountSummary"
                fdm:defaultBinaryEntity="{Boolean}false"
                fdm:genericOperationAllowed="{Boolean}false"
                fdm:rootEntity="{Boolean}false"
                fdm:schemaName="DEFAULT_SCHEMA"
                fdm:source="source1"
                jcr:primaryType="nt:unstructured"
                id="accountSummary_1521130650700"
                name="accountSummary">
                <links jcr:primaryType="nt:unstructured"/>
                <properties jcr:primaryType="nt:unstructured">
                    <current
                        fdm:bindRef="current"
                        fdm:computed="{Boolean}false"
                        fdm:primaryKey="{Boolean}false"
                        fdm:protected="{Boolean}false"
                        fdm:required="{Boolean}false"
                        jcr:primaryType="nt:unstructured"
                        name="current"
                        type="string"/>
                    <description
                        fdm:bindRef="description"
                        fdm:computed="{Boolean}false"
                        fdm:primaryKey="{Boolean}false"
                        fdm:protected="{Boolean}false"
                        fdm:required="{Boolean}false"
                        jcr:primaryType="nt:unstructured"
                        name="description"
                        type="string"/>
                    <ytd
                        fdm:bindRef="ytd"
                        fdm:computed="{Boolean}false"
                        fdm:primaryKey="{Boolean}false"
                        fdm:protected="{Boolean}false"
                        fdm:required="{Boolean}false"
                        jcr:primaryType="nt:unstructured"
                        name="ytd"
                        type="string"/>
                </properties>
            </accountSummary_1521130650700>
            <estimatedIncome_1521130650700
                fdm:binaryEntity="{Boolean}false"
                fdm:bindRef="estimatedIncome"
                fdm:defaultBinaryEntity="{Boolean}false"
                fdm:genericOperationAllowed="{Boolean}false"
                fdm:rootEntity="{Boolean}false"
                fdm:schemaName="DEFAULT_SCHEMA"
                fdm:source="source1"
                jcr:primaryType="nt:unstructured"
                id="estimatedIncome_1521130650700"
                name="estimatedIncome">
                <links jcr:primaryType="nt:unstructured"/>
                <properties jcr:primaryType="nt:unstructured">
                    <contribution
                        fdm:bindRef="contribution"
                        fdm:computed="{Boolean}false"
                        fdm:primaryKey="{Boolean}false"
                        fdm:protected="{Boolean}false"
                        fdm:required="{Boolean}false"
                        jcr:primaryType="nt:unstructured"
                        name="contribution"
                        type="number"/>
                    <income
                        fdm:bindRef="income"
                        fdm:computed="{Boolean}false"
                        fdm:primaryKey="{Boolean}false"
                        fdm:protected="{Boolean}false"
                        fdm:required="{Boolean}false"
                        jcr:primaryType="nt:unstructured"
                        name="income"
                        type="number"/>
                </properties>
            </estimatedIncome_1521130650700>
            <currentAssetMix_1521130650700
                fdm:binaryEntity="{Boolean}false"
                fdm:bindRef="currentAssetMix"
                fdm:defaultBinaryEntity="{Boolean}false"
                fdm:genericOperationAllowed="{Boolean}false"
                fdm:rootEntity="{Boolean}false"
                fdm:schemaName="DEFAULT_SCHEMA"
                fdm:source="source1"
                jcr:primaryType="nt:unstructured"
                id="currentAssetMix_1521130650700"
                name="currentAssetMix">
                <links jcr:primaryType="nt:unstructured"/>
                <properties jcr:primaryType="nt:unstructured">
                    <assetType
                        fdm:bindRef="assetType"
                        fdm:computed="{Boolean}false"
                        fdm:primaryKey="{Boolean}false"
                        fdm:protected="{Boolean}false"
                        fdm:required="{Boolean}false"
                        jcr:primaryType="nt:unstructured"
                        name="assetType"
                        type="string"/>
                    <percentage
                        fdm:bindRef="percentage"
                        fdm:computed="{Boolean}false"
                        fdm:primaryKey="{Boolean}false"
                        fdm:protected="{Boolean}false"
                        fdm:required="{Boolean}false"
                        jcr:primaryType="nt:unstructured"
                        name="percentage"
                        type="number"/>
                </properties>
            </currentAssetMix_1521130650700>
            <modelAssetMix_1521130650700
                fdm:binaryEntity="{Boolean}false"
                fdm:bindRef="modelAssetMix"
                fdm:defaultBinaryEntity="{Boolean}false"
                fdm:genericOperationAllowed="{Boolean}false"
                fdm:rootEntity="{Boolean}false"
                fdm:schemaName="DEFAULT_SCHEMA"
                fdm:source="source1"
                jcr:primaryType="nt:unstructured"
                id="modelAssetMix_1521130650700"
                name="modelAssetMix">
                <links jcr:primaryType="nt:unstructured"/>
                <properties jcr:primaryType="nt:unstructured">
                    <assetType
                        fdm:bindRef="assetType"
                        fdm:computed="{Boolean}false"
                        fdm:primaryKey="{Boolean}false"
                        fdm:protected="{Boolean}false"
                        fdm:required="{Boolean}false"
                        jcr:primaryType="nt:unstructured"
                        name="assetType"
                        type="string"/>
                    <percentage
                        fdm:bindRef="percentage"
                        fdm:computed="{Boolean}false"
                        fdm:primaryKey="{Boolean}false"
                        fdm:protected="{Boolean}false"
                        fdm:required="{Boolean}false"
                        jcr:primaryType="nt:unstructured"
                        name="percentage"
                        type="number"/>
                </properties>
            </modelAssetMix_1521130650700>
            <user_1521130650700
                fdm:binaryEntity="{Boolean}false"
                fdm:bindRef="user"
                fdm:defaultBinaryEntity="{Boolean}false"
                fdm:genericOperationAllowed="{Boolean}false"
                fdm:rootEntity="{Boolean}false"
                fdm:schemaName="DEFAULT_SCHEMA"
                fdm:source="source1"
                jcr:primaryType="nt:unstructured"
                id="user_1521130650700"
                name="user">
                <links jcr:primaryType="nt:unstructured"/>
                <properties jcr:primaryType="nt:unstructured">
                    <name
                        fdm:bindRef="name"
                        fdm:computed="{Boolean}false"
                        fdm:primaryKey="{Boolean}false"
                        fdm:protected="{Boolean}false"
                        fdm:required="{Boolean}false"
                        jcr:primaryType="nt:unstructured"
                        name="name"
                        type="string"/>
                    <state
                        fdm:bindRef="state"
                        fdm:computed="{Boolean}false"
                        fdm:primaryKey="{Boolean}false"
                        fdm:protected="{Boolean}false"
                        fdm:required="{Boolean}false"
                        jcr:primaryType="nt:unstructured"
                        name="state"
                        type="string"/>
                    <zip
                        fdm:bindRef="zip"
                        fdm:computed="{Boolean}false"
                        fdm:primaryKey="{Boolean}false"
                        fdm:protected="{Boolean}false"
                        fdm:required="{Boolean}false"
                        jcr:primaryType="nt:unstructured"
                        name="zip"
                        type="string"/>
                    <address
                        fdm:bindRef="address"
                        fdm:computed="{Boolean}false"
                        fdm:primaryKey="{Boolean}false"
                        fdm:protected="{Boolean}false"
                        fdm:required="{Boolean}false"
                        jcr:primaryType="nt:unstructured"
                        name="address"
                        type="string"/>
                    <city
                        fdm:bindRef="city"
                        fdm:computed="{Boolean}false"
                        fdm:primaryKey="{Boolean}false"
                        fdm:protected="{Boolean}false"
                        fdm:required="{Boolean}false"
                        jcr:primaryType="nt:unstructured"
                        name="city"
                        type="string"/>
                    <id
                        fdm:bindRef="id"
                        fdm:computed="{Boolean}false"
                        fdm:primaryKey="{Boolean}false"
                        fdm:protected="{Boolean}false"
                        fdm:required="{Boolean}false"
                        jcr:primaryType="nt:unstructured"
                        name="id"
                        type="string"/>
                    <possibleWithdrawals
                        fdm:bindRef="possibleWithdrawals"
                        fdm:computed="{Boolean}false"
                        fdm:primaryKey="{Boolean}false"
                        fdm:protected="{Boolean}false"
                        fdm:required="{Boolean}false"
                        jcr:primaryType="nt:unstructured"
                        name="possibleWithdrawals"
                        type="number"/>
                    <currentContributions
                        fdm:bindRef="currentContributions"
                        fdm:computed="{Boolean}false"
                        fdm:primaryKey="{Boolean}false"
                        fdm:protected="{Boolean}false"
                        fdm:required="{Boolean}false"
                        jcr:primaryType="nt:unstructured"
                        name="currentContributions"
                        type="number"/>
                    <onlineBanking
                        fdm:bindRef="onlineBanking"
                        fdm:computed="{Boolean}false"
                        fdm:primaryKey="{Boolean}false"
                        fdm:protected="{Boolean}false"
                        fdm:required="{Boolean}false"
                        jcr:primaryType="nt:unstructured"
                        name="onlineBanking"
                        type="string"/>
                    <directDeposit
                        fdm:bindRef="directDeposit"
                        fdm:computed="{Boolean}false"
                        fdm:primaryKey="{Boolean}false"
                        fdm:protected="{Boolean}false"
                        fdm:required="{Boolean}false"
                        jcr:primaryType="nt:unstructured"
                        name="directDeposit"
                        type="string"/>
                </properties>
            </user_1521130650700>
        </definitions>
        <links jcr:primaryType="nt:unstructured">
            <get_getstatementid15211306603490
                fdm:source="source1"
                jcr:primaryType="nt:unstructured"
                description="Gets the transction of user by id"
                genericOperation="{Boolean}false"
                href="localhost:8080/SampleRest/webapi"
                id="GET /getStatement/{id}_15211306603490"
                method="GET"
                name="GET /getStatement/{id}"
                rel="balances_1521130650700">
                <fdm:data jcr:primaryType="nt:unstructured"/>
                <schema
                    fdm:bindRef="schema"
                    fdm:computed="{Boolean}false"
                    fdm:primaryKey="{Boolean}false"
                    fdm:protected="{Boolean}false"
                    fdm:required="{Boolean}false"
                    jcr:primaryType="nt:unstructured"
                    description="operation input description"
                    name="schema"
                    type="object">
                    <properties jcr:primaryType="nt:unstructured">
                        <id
                            fdm:bindRef="id"
                            fdm:computed="{Boolean}false"
                            fdm:in="path"
                            fdm:primaryKey="{Boolean}false"
                            fdm:protected="{Boolean}false"
                            fdm:required="{Boolean}true"
                            jcr:primaryType="nt:unstructured"
                            description="Account Number of the Customer"
                            name="id"
                            type="string"/>
                    </properties>
                </schema>
                <targetSchema
                    fdm:bindRef="balances"
                    fdm:computed="{Boolean}false"
                    fdm:primaryKey="{Boolean}false"
                    fdm:protected="{Boolean}false"
                    fdm:required="{Boolean}false"
                    jcr:primaryType="nt:unstructured"
                    _x0024_ref="balances_1521130650700"
                    name="balances"
                    type="object"/>
            </get_getstatementid15211306603490>
        </links>
        <properties jcr:primaryType="nt:unstructured">
            <balances_1521130650700
                fdm:computed="{Boolean}false"
                fdm:protected="{Boolean}false"
                fdm:required="{Boolean}false"
                jcr:primaryType="nt:unstructured"
                _x0024_ref="balances_1521130650700"
                name="balances_1521130650700"/>
        </properties>
    </jcr:content>
</jcr:root>
