<?xml version="1.0" encoding="UTF-8"?>
<jcr:root xmlns:sling="http://sling.apache.org/jcr/sling/1.0" xmlns:cq="http://www.day.com/jcr/cq/1.0" xmlns:jcr="http://www.jcp.org/jcr/1.0" xmlns:nt="http://www.jcp.org/jcr/nt/1.0"
    jcr:primaryType="cq:Page">
    <jcr:content
        cq:allowedTemplates="/conf/getaways/settings/wcm/templates/.*"
        cq:contextHubPath="/etc/cloudsettings/default/contexthub"
        cq:contextHubSegmentsPath="/etc/segmentation/contexthub"
        cq:lastModified="{Date}2018-01-19T15:58:24.226-05:00"
        cq:lastModifiedBy="admin"
        cq:template="/conf/getaways/settings/wcm/templates/logged-in-owner-template"
        jcr:primaryType="cq:PageContent"
        jcr:title="Logged In Owner"
        sling:resourceType="getaways/components/structure/page">
        <root
            jcr:primaryType="nt:unstructured"
            sling:resourceType="wcm/foundation/components/responsivegrid">
            <responsivegrid
                jcr:created="{Date}2018-01-15T11:03:09.880-05:00"
                jcr:createdBy="admin"
                jcr:lastModified="{Date}2018-01-15T12:56:55.346-05:00"
                jcr:lastModifiedBy="admin"
                jcr:primaryType="nt:unstructured"
                sling:resourceType="wcm/foundation/components/responsivegrid">
                <getawaynews
                    jcr:created="{Date}2018-01-15T16:17:26.927-05:00"
                    jcr:createdBy="admin"
                    jcr:lastModified="{Date}2018-01-15T16:17:26.927-05:00"
                    jcr:lastModifiedBy="admin"
                    jcr:primaryType="nt:unstructured"
                    sling:resourceType="getaways/components/content/getawayNews"/>
                <getawaynews_966812198
                    jcr:created="{Date}2018-01-15T16:29:38.098-05:00"
                    jcr:createdBy="admin"
                    jcr:lastModified="{Date}2018-01-15T16:29:38.098-05:00"
                    jcr:lastModifiedBy="admin"
                    jcr:primaryType="nt:unstructured"
                    sling:resourceType="getaways/components/content/getawaynews"/>
            </responsivegrid>
            <loggedinnavigation
                jcr:created="{Date}2018-01-15T14:47:21.986-05:00"
                jcr:createdBy="admin"
                jcr:lastModified="{Date}2018-01-15T14:47:29.745-05:00"
                jcr:lastModifiedBy="admin"
                jcr:primaryType="nt:unstructured"
                sling:resourceType="getaways/components/structure/loggedinnavigation"/>
            <loggedinfooter jcr:primaryType="nt:unstructured">
                <footerTable
                    jcr:lastModified="{Date}2018-01-16T21:15:34.376-05:00"
                    jcr:lastModifiedBy="admin"
                    jcr:primaryType="nt:unstructured"
                    sling:resourceType="wcm/foundation/components/text"
                    text="&lt;p>Where does this store&lt;/p>&#xa;"
                    textIsRich="true"/>
            </loggedinfooter>
            <loggedinheader jcr:primaryType="nt:unstructured">
                <headerTable
                    jcr:lastModified="{Date}2018-01-16T21:28:49.852-05:00"
                    jcr:lastModifiedBy="admin"
                    jcr:primaryType="nt:unstructured"
                    sling:resourceType="wcm/foundation/components/text"
                    text="&lt;p>Welcome Owner&lt;/p>&#xa;&lt;p>Joe Smith&lt;/p>&#xa;&lt;p>Last Login: Yesterday&lt;/p>&#xa;"
                    textIsRich="true"/>
            </loggedinheader>
        </root>
        <image jcr:primaryType="nt:unstructured">
            <file/>
        </image>
    </jcr:content>
    <logged-in-owner-detail/>
</jcr:root>
